Alpha,Facility,City,District
INCWK,DT,Gandhari,IN CLEARANCE
BLRI,ST,Bangalore,IN CLEARANCE
DELIP,PO,New Delhi,IN CLEARANCE
BLRIP,PO,Bangalore,IN CLEARANCE
MAAIP,PO,Chennai,IN CLEARANCE
CCUIP,PO,Kolkata,IN CLEARANCE
COKIP,PO,Cochin,IN CLEARANCE
HYDIP,PO,Hyderabad,IN CLEARANCE
AMDIP,PO,Ahmedabad,IN CLEARANCE
CJBIP,PO,Coimbatore,IN CLEARANCE
PNQIP,PO,Pune,IN CLEARANCE
JAIIP,PO,Jaipur,IN CLEARANCE
BOMIP,PO,Mumbai,IN CLEARANCE
DELHV,PO,New Delhi,IN CLEARANCE
BOMHV,PO,Mumbai,IN CLEARANCE
BLRHV,PO,Bangalore,IN CLEARANCE
DELI,ST,New Delhi,IN CLEARANCE
BOMI,ST,Mumbai,IN CLEARANCE
BOMB,BS,Mumbai,IN CLEARANCE
GOIIP,PO,Goa,IN CLEARANCE
INHWK,DT,New Delhi,INDIA RAMP/HUB
INIVK,RG,Mumbai,
CCUAT,ST,Kolkata,IN NORTH & EAST
INNWK,DT,New Delhi,IN NORTH & EAST
DELIO,ST,New Delhi,IN NORTH & EAST
NDCIN,ST,Noida,IN NORTH & EAST
DELIC,ST,New Delhi,IN NORTH & EAST
GUXIN,ST,Gurgaon,IN NORTH & EAST
DELIN,ST,New Delhi,IN NORTH & EAST
JAIIN,ST,Jaipur,IN NORTH & EAST
DELIM,ST,New Delhi,IN NORTH & EAST
AMDBH,SI,Ahmedabad,IN WEST
PNQPH,SI,Hinjewadi,IN WEST
BOMAE,ST,Mumbai,IN WEST
BOMCG,ST,Mumbai,IN WEST
PNQMV,SI,Pune,IN WEST
IDRPL,ST,Indore,IN WEST
INWWK,DT,Mumbai,IN WEST
MAAAB,ST,Chennai,IN SOUTH
INSWK,DT,Bangalore,IN SOUTH
HYDTS,ST,Secundrabad,IN SOUTH
BLRJN,ST,Bangalore,IN SOUTH
BLRHB,ST,Bangalore,IN SOUTH
CJBAT,ST,Coimbatore,IN SOUTH
TRPAD,ST,Tirupur,IN SOUTH
MAAGU,ST,Chennai,IN SOUTH
BLRSN,ST,Bangalore,IN SOUTH
BOMVK,RG,Mumbai,
DELKL,ST,New Delhi,IN NORTH-1 DIRECT SE
JRHA,ST,Jalandhar,IN NORTH-1 DIRECT SE
ABMA,ST,Ambala,IN NORTH-1 DIRECT SE
DELKB,ST,New Delhi,IN NORTH-1 DIRECT SE
IXJA,ST,Jammu,IN NORTH-1 DIRECT SE
DAEA,ST,New Delhi,IN NORTH-1 DIRECT SE
NDCA,ST,Noida,IN NORTH-1 DIRECT SE
GOPA,ST,Ghaziabad,IN NORTH-1 DIRECT SE
DELAZ,ST,New Delhi,IN NORTH-1 DIRECT SE
DELCP,ST,New Delhi,IN NORTH-1 DIRECT SE
DELAN,ST,New Delhi,IN NORTH-1 DIRECT SE
DELMK,ST,New Delhi,IN NORTH-1 DIRECT SE
DELSN,ST,New Delhi,IN NORTH-1 DIRECT SE
DELKR,ST,New Delhi,IN NORTH-1 DIRECT SE
NDCAD,ST,Noida,IN NORTH-1 DIRECT SE
IXCBP,SI,Parwanoo,IN NORTH-1 DIRECT SE
JRHN,ST,Jalandhar,IN NORTH-1 DIRECT SE
IXCBD,ST,Baddi,IN NORTH-1 DIRECT SE
DAEFR,ST,Faridabad,IN NORTH-1 DIRECT SE
DELBA,SI,Bahadurgarh,IN NORTH-1 DIRECT SE
IXJAT,ST,Jammu,IN NORTH-1 DIRECT SE
ABMPL,ST,Patiala,IN NORTH-1 DIRECT SE
IXCA,ST,Chandigarh,IN NORTH-1 DIRECT SE
DELPP,ST,Panipat,IN NORTH-1 DIRECT SE
JRHKA,ST,Kapurthala,IN NORTH-1 DIRECT SE
LUHA,ST,Ludhiana,IN NORTH-1 DIRECT SE
IXCAT,ST,Chandigarh,IN NORTH-1 DIRECT SE
LUHAD,ST,Ludhiana,IN NORTH-1 DIRECT SE
ATQA,ST,Amritsar,IN NORTH-1 DIRECT SE
ABMSO,ST,Solan,IN NORTH-1 DIRECT SE
DELRH,SI,Rohtak,IN NORTH-1 DIRECT SE
HNFWK,DT,New Delhi,IN NORTH-1 DIRECT SE
GOPAT,ST,Ghaziabad,IN NORTH-1 DIRECT SE
ABMKR,SI,Karnal,IN NORTH-1 NON-DIREC
ABMSD,ST,Solan,IN NORTH-1 NON-DIREC
IXCBA,ST,Baddi,IN NORTH-1 NON-DIREC
IXCPW,ST,Parwanoo,IN NORTH-1 NON-DIREC
HSSA,ST,Hissar,IN NORTH-1 NON-DIREC
DAEX,SI,Faridabad,IN NORTH-1 NON-DIREC
GUXX,SI,Gurgaon,IN NORTH-1 NON-DIREC
IXCML,SI,Mohali,IN NORTH-1 NON-DIREC
DELX,SI,New Delhi,IN NORTH-1 NON-DIREC
DELSE,SI,Sonepat,IN NORTH-1 NON-DIREC
ABMJG,SI,Jagadhri,IN NORTH-1 NON-DIREC
SXRA,SI,Srinagar,IN NORTH-1 NON-DIREC
ABMX,SI,Ambala,IN NORTH-1 NON-DIREC
BUPA,ST,Bhatinda,IN NORTH-1 NON-DIREC
JRHPG,SI,Phagwara,IN NORTH-1 NON-DIREC
SLVX,SI,Shimla,IN NORTH-1 NON-DIREC
ATQGD,SI,Gurdaspur,IN NORTH-1 NON-DIREC
LUHMG,SI,Moga,IN NORTH-1 NON-DIREC
HNOWK,DT,Gurgaon,IN NORTH-1 NON-DIREC
GUXBN,SI,Bhiwani,IN NORTH-1 NON-DIREC
NDCX,SI,Noida,IN NORTH-1 NON-DIREC
JRHHP,SI,Hoshiarpur,IN NORTH-1 NON-DIREC
ABMKS,SI,Kurukshetra,IN NORTH-1 NON-DIREC
GOPX,SI,Ghaziabad,IN NORTH-1 NON-DIREC
IXCX,SI,Chandigarh,IN NORTH-1 NON-DIREC
JRHX,SI,Jalandhar,IN NORTH-1 NON-DIREC
GOPBL,SI,Bulandshahar,IN NORTH-1 NON-DIREC
ATQX,SI,Amritsar,IN NORTH-1 NON-DIREC
IXCZP,SI,Zirakhpur,IN NORTH-1 NON-DIREC
IXJX,SI,Jammu,IN NORTH-1 NON-DIREC
DELRW,SI,Rewari,IN NORTH-1 NON-DIREC
HSSX,SI,Hissar,IN NORTH-1 NON-DIREC
LUHX,SI,Ludhiana,IN NORTH-1 NON-DIREC
DELKE,ST,Roorkee,IN NORTH-2 DIRECT SE
DELAL,ST,Allahabad,IN NORTH-2 DIRECT SE
DELRU,SI,Rudrapur,IN NORTH-2 DIRECT SE
GUXA,ST,Gurgaon,IN NORTH-2 DIRECT SE
DELME,ST,Meerut,IN NORTH-2 DIRECT SE
LKOA,ST,Lucknow,IN NORTH-2 DIRECT SE
JDHA,ST,Jodhpur,IN NORTH-2 DIRECT SE
JAIA,ST,Jaipur,IN NORTH-2 DIRECT SE
KNUAT,ST,Kanpur,IN NORTH-2 DIRECT SE
LKOAT,ST,Lucknow,IN NORTH-2 DIRECT SE
DELHD,ST,Haridwar,IN NORTH-2 DIRECT SE
JAIKN,ST,Jaipur,IN NORTH-2 DIRECT SE
VNSBD,ST,Badhohi,IN NORTH-2 DIRECT SE
AGRA,ST,Agra,IN NORTH-2 DIRECT SE
KTUA,ST,Kota,IN NORTH-2 DIRECT SE
DEDA,ST,Dehradun,IN NORTH-2 DIRECT SE
HRFWK,DT,Modinagar,IN NORTH-2 DIRECT SE
DELMB,ST,Moradabad,IN NORTH-2 DIRECT SE
DELBY,ST,Bareilly,IN NORTH-2 DIRECT SE
UDRA,ST,Udaipur,IN NORTH-2 DIRECT SE
DEDDH,ST,Dehradun,IN NORTH-2 DIRECT SE
GUXKO,ST,Gurgaon,IN NORTH-2 DIRECT SE
DELMA,ST,Mathura,IN NORTH-2 DIRECT SE
VNSA,ST,Varanasi,IN NORTH-2 DIRECT SE
KNUA,ST,Kanpur,IN NORTH-2 DIRECT SE
DELAJ,SI,Ajmer,IN NORTH-2 NON-DIREC
DEDSH,SI,Saharanpur,IN NORTH-2 NON-DIREC
VNSJU,SI,Jaunpur,IN NORTH-2 NON-DIREC
KNUX,SI,Kanpur,IN NORTH-2 NON-DIREC
JDHBL,SI,Bhilwara,IN NORTH-2 NON-DIREC
DELAD,ST,Allahabad,IN NORTH-2 NON-DIREC
GWLX,SI,Gwalior,IN NORTH-2 NON-DIREC
LKOFZ,SI,Faizabad,IN NORTH-2 NON-DIREC
GUXBD,SI,Bhiwadi,IN NORTH-2 NON-DIREC
HROWK,DT,Hissar,IN NORTH-2 NON-DIREC
DELHR,ST,Haridwar,IN NORTH-2 NON-DIREC
AGRFR,SI,Firozabad,IN NORTH-2 NON-DIREC
DELJN,SI,Jhansi,IN NORTH-2 NON-DIREC
AGRX,SI,Agra,IN NORTH-2 NON-DIREC
JAIBK,SI,Bikaner,IN NORTH-2 NON-DIREC
VNSBM,SI,Mirzapur,IN NORTH-2 NON-DIREC
JAIAL,SI,Alwar,IN NORTH-2 NON-DIREC
JAIX,SI,Jaipur,IN NORTH-2 NON-DIREC
AGRAL,SI,Aligarh,IN NORTH-2 NON-DIREC
DELRD,ST,Roorkee,IN NORTH-2 NON-DIREC
DELMN,SI,Muzaffarnagar,IN NORTH-2 NON-DIREC
UDRX,SI,Udaipur,IN NORTH-2 NON-DIREC
KTUX,SI,Kota,IN NORTH-2 NON-DIREC
JDHX,SI,Jodhpur,IN NORTH-2 NON-DIREC
DELRM,ST,Rampur,IN NORTH-2 NON-DIREC
LKOAD,ST,Lucknow,IN NORTH-2 NON-DIREC
DEDX,SI,Dehradun,IN NORTH-2 NON-DIREC
VNSX,SI,Varanasi,IN NORTH-2 NON-DIREC
LKOJP,ST,Jagdishpur,IN NORTH-2 NON-DIREC
LKOX,SI,Lucknow,IN NORTH-2 NON-DIREC
PNQA,ST,Pune,IN WEST-1 DIRECT SER
PNQCH,ST,Chinchwad,IN WEST-1 DIRECT SER
PNQCP,ST,Pune,IN WEST-1 DIRECT SER
BOMAD,ST,Mumbai,IN WEST-1 DIRECT SER
BOMCL,ST,Mumbai,IN WEST-1 DIRECT SER
BOMBD,ST,Mumbai,IN WEST-1 DIRECT SER
BOMBH,ST,Mumbai,IN WEST-1 DIRECT SER
BOMFT,ST,Mumbai,IN WEST-1 DIRECT SER
BOMWL,ST,Mumbai,IN WEST-1 DIRECT SER
BOMVS,ST,Mumbai,IN WEST-1 DIRECT SER
BOMVA,ST,Mumbai,IN WEST-1 DIRECT SER
BOMTN,ST,Thane,IN WEST-1 DIRECT SER
BOMTH,ST,Navi Mumbai,IN WEST-1 DIRECT SER
BOMPV,ST,Panvel,IN WEST-1 DIRECT SER
BOMGG,ST,Mumbai,IN WEST-1 DIRECT SER
BOMJG,ST,Mumbai,IN WEST-1 DIRECT SER
BOMWR,ST,Mumbai,IN WEST-1 DIRECT SER
BOMTP,ST,Tarapur,IN WEST-1 DIRECT SER
BOMA,ST,Mumbai,IN WEST-1 DIRECT SER
ISKA,ST,Nasik,IN WEST-1 DIRECT SER
BOMJP,ST,Jnpt Township,IN WEST-1 DIRECT SER
ISKAT,ST,Nasik,IN WEST-1 DIRECT SER
PNQVD,ST,Pune,IN WEST-1 DIRECT SER
BOMGE,ST,Mumbai,IN WEST-1 DIRECT SER
PNQTL,ST,Pune,IN WEST-1 DIRECT SER
BOMVR,SI,Virar,IN WEST-1 DIRECT SER
PNQPR,SI,Pirangut,IN WEST-1 DIRECT SER
BOMNG,SI,Naigon,IN WEST-1 DIRECT SER
GOIVE,ST,Verna,IN WEST-1 DIRECT SER
GOIA,ST,Goa,IN WEST-1 DIRECT SER
IXUA,ST,Aurangabad,IN WEST-1 DIRECT SER
PNQWG,ST,Pune,IN WEST-1 DIRECT SER
HWFWK,DT,Mumbai,IN WEST-1 DIRECT SER
BOMBW,ST,Bhiwandi,IN WEST-1 DIRECT SER
KLHA,ST,Kolhapur,IN WEST-1 DIRECT SER
IXUAD,ST,Aurangabad,IN WEST-1 DIRECT SER
BOMX,SI,Mumbai,IN WEST-1 NON-DIRECT
HWOWK,DT,Panvel,IN WEST-1 NON-DIRECT
GOICH,SI,Chiplun,IN WEST-1 NON-DIRECT
KLHSN,SI,Sangli,IN WEST-1 NON-DIRECT
IXUJL,SI,Jalna,IN WEST-1 NON-DIRECT
GOIX,SI,Goa,IN WEST-1 NON-DIRECT
KLHX,SI,Kolhapur,IN WEST-1 NON-DIRECT
PNQAN,SI,Ahmednagar,IN WEST-1 NON-DIRECT
PNQSL,SI,Solapur,IN WEST-1 NON-DIRECT
PNQX,SI,Pune,IN WEST-1 NON-DIRECT
ISKSN,SI,Sinnar,IN WEST-1 NON-DIRECT
ISKIG,SI,Igatpuri,IN WEST-1 NON-DIRECT
ISKX,SI,Nasik,IN WEST-1 NON-DIRECT
IXUX,SI,Aurangabad,IN WEST-1 NON-DIRECT
AMDSL,ST,Ahmedabad,IN WEST-2 DIRECT SER
NAGYV,SI,Yavatmal,IN WEST-2 DIRECT SER
NAGWD,ST,Nagpur,IN WEST-2 DIRECT SER
HTFWK,DT,Ahmedabad,IN WEST-2 DIRECT SER
BDQAD,HU,Vadodara,IN WEST-2 DIRECT SER
AMDKK,ST,Ahmedabad,IN WEST-2 DIRECT SER
NMBA,ST,Daman,IN WEST-2 DIRECT SER
BHOA,ST,Bhopal,IN WEST-2 DIRECT SER
JLRA,ST,Jabalpur,IN WEST-2 DIRECT SER
AMDA,ST,Ahmedabad,IN WEST-2 DIRECT SER
RPRBL,SI,Bilaspur,IN WEST-2 DIRECT SER
STVA,ST,Surat,IN WEST-2 DIRECT SER
AMDGR,ST,Gandhinagar,IN WEST-2 DIRECT SER
JGAAD,ST,Jamnagar,IN WEST-2 DIRECT SER
RAJAD,ST,Rajkot,IN WEST-2 DIRECT SER
AMDVG,ST,Ahmedabad,IN WEST-2 DIRECT SER
AMDAL,ST,Ankleshwar,IN WEST-2 DIRECT SER
IDRPT,ST,Indore,IN WEST-2 DIRECT SER
NAGBT,SI,Butibori,IN WEST-2 DIRECT SER
JGAA,ST,Jamnagar,IN WEST-2 DIRECT SER
RPRA,ST,Raipur,IN WEST-2 DIRECT SER
AMDGH,ST,Gandhidham,IN WEST-2 DIRECT SER
BHUA,ST,Bhavnagar,IN WEST-2 DIRECT SER
NAGA,ST,Nagpur,IN WEST-2 DIRECT SER
BDQAT,ST,Vadodara,IN WEST-2 DIRECT SER
RPRAD,ST,Raipur,IN WEST-2 DIRECT SER
IDRDW,SI,Dewas,IN WEST-2 DIRECT SER
PBDA,SI,Porbandar,IN WEST-2 DIRECT SER
BHOAD,ST,Bhopal,IN WEST-2 DIRECT SER
JLRAD,ST,Jabalpur,IN WEST-2 DIRECT SER
AMDVP,ST,Vapi,IN WEST-2 DIRECT SER
AMDVS,SI,Valsad,IN WEST-2 DIRECT SER
GWLA,SI,Gwalior,IN WEST-2 DIRECT SER
RAJA,ST,Rajkot,IN WEST-2 DIRECT SER
BDQA,ST,Vadodara,IN WEST-2 DIRECT SER
IDRA,ST,Indore,IN WEST-2 DIRECT SER
KLHAD,ST,Kolhapur,IN WEST-2 DIRECT SER
RPRBH,ST,Bhilai,IN WEST-2 DIRECT SER
IDRTC,ST,Indore,IN WEST-2 DIRECT SER
STVAD,ST,Surat,IN WEST-2 DIRECT SER
HTOWK,DT,Ahmednagar,IN WEST-2 NON-DIRECT
BHUX,SI,Bhavnagar,IN WEST-2 NON-DIRECT
NAGWR,SI,Wardha,IN WEST-2 NON-DIRECT
NAGCD,SI,Chandrapur,IN WEST-2 NON-DIRECT
STVX,SI,Surat,IN WEST-2 NON-DIRECT
NAGAK,ST,Akola,IN WEST-2 NON-DIRECT
NMBX,SI,Daman,IN WEST-2 NON-DIRECT
IXVVX,SI,Valsad,IN WEST-2 NON-DIRECT
JGAX,SI,Jamnagar,IN WEST-2 NON-DIRECT
JLRX,SI,Jabalpur,IN WEST-2 NON-DIRECT
AMDX,SI,Ahmedabad,IN WEST-2 NON-DIRECT
BDQX,SI,Vadodara,IN WEST-2 NON-DIRECT
NAGX,SI,Nagpur,IN WEST-2 NON-DIRECT
IDRX,SI,Indore,IN WEST-2 NON-DIRECT
RAJX,SI,Rajkot,IN WEST-2 NON-DIRECT
NAGBH,ST,Bhandara,IN WEST-2 NON-DIRECT
RPRKR,SI,Korba,IN WEST-2 NON-DIRECT
RPRX,SI,Raipur,IN WEST-2 NON-DIRECT
BDQAN,SI,Anand,IN WEST-2 NON-DIRECT
NAGCH,SI,Chhindwara,IN WEST-2 NON-DIRECT
AMDML,ST,Ankleshwar,IN WEST-2 NON-DIRECT
BHOX,SI,Bhopal,IN WEST-2 NON-DIRECT
CJBAD,ST,Coimbatore,IN SOUTH-1 DIRECT SE
VGAA,ST,Vijayawada,IN SOUTH-1 DIRECT SE
HYDHM,ST,Hyderabad,IN SOUTH-1 DIRECT SE
HYDBG,ST,Hyderabad,IN SOUTH-1 DIRECT SE
BLRA,ST,Bangalore,IN SOUTH-1 DIRECT SE
HYDA,ST,Hyderabad,IN SOUTH-1 DIRECT SE
IXGA,ST,Belgaum,IN SOUTH-1 DIRECT SE
VTZA,ST,Vishakapatnam,IN SOUTH-1 DIRECT SE
BLRPE,ST,Bangalore,IN SOUTH-1 DIRECT SE
BLRBA,ST,Bangalore,IN SOUTH-1 DIRECT SE
BLRCH,ST,Bangalore,IN SOUTH-1 DIRECT SE
BLRMP,SI,Bangalore,IN SOUTH-1 DIRECT SE
BLRKS,ST,Bangalore,IN SOUTH-1 DIRECT SE
HBXAD,ST,Hubli,IN SOUTH-1 DIRECT SE
HYDRR,ST,Hyderabad,IN SOUTH-1 DIRECT SE
IXEAD,ST,Mangalore,IN SOUTH-1 DIRECT SE
VGAGJ,ST,Vijayawada,IN SOUTH-1 DIRECT SE
BLRKR,ST,Bangalore,IN SOUTH-1 DIRECT SE
BLRMH,ST,Bangalore,IN SOUTH-1 DIRECT SE
HYDUP,BS,Hyderabad,IN SOUTH-1 DIRECT SE
HYDCD,ST,Shamshabad,IN SOUTH-1 DIRECT SE
HYDKH,ST,Hyderabad,IN SOUTH-1 DIRECT SE
RJAA,ST,Rajamundhry,IN SOUTH-1 DIRECT SE
SXVAT,ST,Salem,IN SOUTH-1 DIRECT SE
HSFWK,DT,Bangalore,IN SOUTH-1 DIRECT SE
BLRCG,ST,Hosur,IN SOUTH-1 DIRECT SE
BLRTP,ST,Bangalore,IN SOUTH-1 DIRECT SE
VTZAD,ST,Vishakapatnam,IN SOUTH-1 DIRECT SE
HYDKP,ST,Hyderabad,IN SOUTH-1 DIRECT SE
BLRHS,ST,Hosur,IN SOUTH-1 DIRECT SE
HYDGT,SI,Hyderabad,IN SOUTH-1 DIRECT SE
IXEA,ST,Mangalore,IN SOUTH-1 DIRECT SE
VGAGN,ST,Guntur,IN SOUTH-1 DIRECT SE
CJBA,ST,Coimbatore,IN SOUTH-1 DIRECT SE
CJBTP,ST,Tirupur,IN SOUTH-1 DIRECT SE
CJBED,ST,Erode,IN SOUTH-1 DIRECT SE
SXVCO,ST,Coonoor,IN SOUTH-1 DIRECT SE
MYQA,ST,Mysore,IN SOUTH-1 DIRECT SE
SXVKA,ST,Karur,IN SOUTH-1 DIRECT SE
BLRMK,ST,Bangalore,IN SOUTH-1 DIRECT SE
SXVA,ST,Salem,IN SOUTH-1 DIRECT SE
HYDSE,ST,Secundrabad,IN SOUTH-1 DIRECT SE
HBXA,ST,Hubli,IN SOUTH-1 DIRECT SE
SXVNM,SI,Namakkal,IN SOUTH-1 NON-DIREC
VGAEU,SI,Eluru,IN SOUTH-1 NON-DIREC
KKDA,SI,Kakinada,IN SOUTH-1 NON-DIREC
HYDKO,ST,Kurnool,IN SOUTH-1 NON-DIREC
SXVKD,SI,Salem,IN SOUTH-1 NON-DIREC
VGAX,SI,Vijayawada,IN SOUTH-1 NON-DIREC
HBXX,SI,Hubli,IN SOUTH-1 NON-DIREC
BLRKO,SI,Kolar,IN SOUTH-1 NON-DIREC
HYDNZ,SI,Nizamabad,IN SOUTH-1 NON-DIREC
RJAX,SI,Rajamundhry,IN SOUTH-1 NON-DIREC
IXEMP,SI,Manipal,IN SOUTH-1 NON-DIREC
BLRX,SI,Bangalore,IN SOUTH-1 NON-DIREC
HYDX,SI,Hyderabad,IN SOUTH-1 NON-DIREC
HYDKR,SI,Karim Nagar,IN SOUTH-1 NON-DIREC
MYQMN,SI,Mandiya,IN SOUTH-1 NON-DIREC
TIRA,ST,Tirupati,IN SOUTH-1 NON-DIREC
CJBX,SI,Coimbatore,IN SOUTH-1 NON-DIREC
HYDNE,SI,Nellore,IN SOUTH-1 NON-DIREC
CJBEO,ST,Erode,IN SOUTH-1 NON-DIREC
HYDPT,ST,Hyderabad,IN SOUTH-1 NON-DIREC
IXGX,SI,Belgaum,IN SOUTH-1 NON-DIREC
MYQX,SI,Mysore,IN SOUTH-1 NON-DIREC
IXEX,SI,Mangalore,IN SOUTH-1 NON-DIREC
VTZX,SI,Vishakapatnam,IN SOUTH-1 NON-DIREC
BLRRM,SI,Ramanagar,IN SOUTH-1 NON-DIREC
BLRTM,SI,Tumkur,IN SOUTH-1 NON-DIREC
SXVX,SI,Salem,IN SOUTH-1 NON-DIREC
HSOWK,DT,Bangalore,IN SOUTH-1 NON-DIREC
VGAPK,SI,Vijayawada,IN SOUTH-1 NON-DIREC
HYDWG,ST,Warangal,IN SOUTH-1 NON-DIREC
CJBTX,SI,Tirupur,IN SOUTH-1 NON-DIREC
MAATP,ST,Tirupati,IN SOUTH-2 DIRECT SE
MAAPE,ST,Chennai,IN SOUTH-2 DIRECT SE
MAASP,ST,Sriperumbudur,IN SOUTH-2 DIRECT SE
COKAM,SI,Munnar,IN SOUTH-2 DIRECT SE
COKKD,ST,Alwaye,IN SOUTH-2 DIRECT SE
COKA,ST,Cochin,IN SOUTH-2 DIRECT SE
MAAA,ST,Chennai,IN SOUTH-2 DIRECT SE
IXMA,ST,Madurai,IN SOUTH-2 DIRECT SE
TRZA,ST,Tiruchirapally,IN SOUTH-2 DIRECT SE
TRVA,ST,Thiruvananthapuram,IN SOUTH-2 DIRECT SE
MAAAM,ST,Chennai,IN SOUTH-2 DIRECT SE
COKAL,ST,Alleppey,IN SOUTH-2 DIRECT SE
COKAW,ST,Alwaye,IN SOUTH-2 DIRECT SE
IXMAS,ST,Ambasamudram,IN SOUTH-2 DIRECT SE
IXMVN,ST,Virudhunagar,IN SOUTH-2 DIRECT SE
CCJA,ST,Calicut,IN SOUTH-2 DIRECT SE
COKCN,ST,Cannanore,IN SOUTH-2 DIRECT SE
IXMDD,ST,Dindigul,IN SOUTH-2 DIRECT SE
COKKY,ST,Kottayam,IN SOUTH-2 DIRECT SE
COKPG,ST,Palghat,IN SOUTH-2 DIRECT SE
COKQU,ST,Quilon,IN SOUTH-2 DIRECT SE
IXMRA,ST,Rajapalayam,IN SOUTH-2 DIRECT SE
IXMSK,ST,Sivakasi,IN SOUTH-2 DIRECT SE
IXMTY,ST,Tirunelveli,IN SOUTH-2 DIRECT SE
COKTC,ST,Trichur,IN SOUTH-2 DIRECT SE
COKEK,ST,Ernakulam,IN SOUTH-2 DIRECT SE
COKED,ST,Cochin,IN SOUTH-2 DIRECT SE
IXMAD,ST,Madurai,IN SOUTH-2 DIRECT SE
MAAKL,ST,Chennai,IN SOUTH-2 DIRECT SE
HOFWK,DT,Cochin,IN SOUTH-2 DIRECT SE
MAAMN,ST,Maraimalai Nagar,IN SOUTH-2 DIRECT SE
PNYAD,ST,Pondicherry,IN SOUTH-2 DIRECT SE
MAAPG,ST,Chennai,IN SOUTH-2 DIRECT SE
CCJAD,ST,Calicut,IN SOUTH-2 DIRECT SE
COKML,SI,Cochin,IN SOUTH-2 DIRECT SE
MAAPD,ST,Chennai,IN SOUTH-2 DIRECT SE
IXMTH,ST,Theni,IN SOUTH-2 DIRECT SE
PNYA,ST,Pondicherry,IN SOUTH-2 DIRECT SE
TRVAD,ST,Thiruvananthapuram,IN SOUTH-2 DIRECT SE
IXMKP,ST,Kovilpatti,IN SOUTH-2 NON-DIREC
TRZKR,SI,Karaikal,IN SOUTH-2 NON-DIREC
TRZTN,SI,Thanjavur,IN SOUTH-2 NON-DIREC
MAAGM,SI,Gummidipoondi,IN SOUTH-2 NON-DIREC
IXMKN,SI,Kanyakumari,IN SOUTH-2 NON-DIREC
IXMSV,ST,Sivakasi,IN SOUTH-2 NON-DIREC
TRZKK,ST,Kumbakonam,IN SOUTH-2 NON-DIREC
MAAX,SI,Chennai,IN SOUTH-2 NON-DIREC
MAAVL,ST,Vellore,IN SOUTH-2 NON-DIREC
IXMNK,ST,Tirunelveli,IN SOUTH-2 NON-DIREC
IXMTU,ST,Tirunelveli,IN SOUTH-2 NON-DIREC
COKX,SI,Cochin,IN SOUTH-2 NON-DIREC
COKPK,ST,Palakkad,IN SOUTH-2 NON-DIREC
TRZAD,ST,Trichy,IN SOUTH-2 NON-DIREC
IXMTT,ST,Tuticorin,IN SOUTH-2 NON-DIREC
CCJX,SI,Calicut,IN SOUTH-2 NON-DIREC
IXMX,ST,Madurai,IN SOUTH-2 NON-DIREC
PNYX,SI,Pondicherry,IN SOUTH-2 NON-DIREC
TRVX,SI,Thiruvananthapuram,IN SOUTH-2 NON-DIREC
TRZX,SI,Tiruchirapally,IN SOUTH-2 NON-DIREC
MAASR,ST,Sri City,IN SOUTH-2 NON-DIREC
PNYVP,ST,Villipuram,IN SOUTH-2 NON-DIREC
MAAVX,ST,Vellore,IN SOUTH-2 NON-DIREC
HOOWK,DT,Coimbatore,IN SOUTH-2 NON-DIREC
IXMAT,ST,Madurai,IN SOUTH-2 NON-DIREC
CCUPS,ST,Kolkata,IN EAST DIRECT SERVE
IXWAD,ST,Jamshedpur,IN EAST DIRECT SERVE
GAUA,ST,Guwahati,IN EAST DIRECT SERVE
CCUDH,ST,Kolkata,IN EAST DIRECT SERVE
GAUTS,ST,Guwahati,IN EAST DIRECT SERVE
PATBG,ST,Bhagalpaur,IN EAST DIRECT SERVE
BBIAD,ST,Bhubaneswar,IN EAST DIRECT SERVE
PATA,ST,Patna,IN EAST DIRECT SERVE
BBICT,ST,Cuttack,IN EAST DIRECT SERVE
CCUAH,ST,Howrah,IN EAST DIRECT SERVE
CCUNK,ST,Kolkata,IN EAST DIRECT SERVE
CCUHO,ST,Howrah,IN EAST DIRECT SERVE
IXWA,ST,Jamshedpur,IN EAST DIRECT SERVE
BBISM,ST,Sambalpur,IN EAST DIRECT SERVE
HEFWK,DT,Kolkata,IN EAST DIRECT SERVE
GAUPB,ST,Guwahati,IN EAST DIRECT SERVE
GAUSH,ST,Shillong,IN EAST DIRECT SERVE
CCUSL,ST,Siliguri,IN EAST DIRECT SERVE
BBIA,ST,Bhubaneswar,IN EAST DIRECT SERVE
PATAD,ST,Patna,IN EAST DIRECT SERVE
IXRA,ST,Ranchi,IN EAST DIRECT SERVE
CCUNW,ST,Kolkata,IN EAST DIRECT SERVE
DBDA,ST,Dhanbad,IN EAST DIRECT SERVE
DBDBK,ST,Bokaro,IN EAST DIRECT SERVE
GAUAD,ST,Guwahati,IN EAST DIRECT SERVE
GAUDB,ST,Dibrugarh,IN EAST DIRECT SERVE
IXRAD,ST,Ranchi,IN EAST DIRECT SERVE
CCUTL,ST,Kolkata,IN EAST DIRECT SERVE
BBICD,ST,Bhubaneswar,IN EAST DIRECT SERVE
CCUA,ST,Kolkata,IN EAST DIRECT SERVE
GAUJH,ST,Jorhat,IN EAST DIRECT SERVE
GAUSB,SI,Sibsagar,IN EAST NON-DIRECT S
DBDX,SI,Dhanbad,IN EAST NON-DIRECT S
PATMN,SI,Munger,IN EAST NON-DIRECT S
BBIX,SI,Bhubaneswar,IN EAST NON-DIRECT S
DBDGR,SI,Giridih,IN EAST NON-DIRECT S
CCUBD,SI,Bardhaman,IN EAST NON-DIRECT S
RRKX,SI,Rourkela,IN EAST NON-DIRECT S
IXWX,SI,Jamshedpur,IN EAST NON-DIRECT S
CCUX,SI,Kolkata,IN EAST NON-DIRECT S
RRKA,SI,Rourkela,IN EAST NON-DIRECT S
IXAX,SI,Agartala,IN EAST NON-DIRECT S
IXSX,SI,Silchar,IN EAST NON-DIRECT S
CCUSD,SI,Darjeeling,IN EAST NON-DIRECT S
GAUAL,SI,Aizwal,IN EAST NON-DIRECT S
CCUSB,SI,Coochbehar,IN EAST NON-DIRECT S
CCUSG,SI,Gangtok,IN EAST NON-DIRECT S
HEOWK,DT,Howrah,IN EAST NON-DIRECT S
GAUML,SI,Shillong,IN EAST NON-DIRECT S
GAUTZ,SI,Tezpur,IN EAST NON-DIRECT S
BBIAJ,SI,Jharsguda,IN EAST NON-DIRECT S
PATX,SI,Patna,IN EAST NON-DIRECT S
CCUDG,SI,Durgapur,IN EAST NON-DIRECT S
CCUND,ST,Kolkata,IN EAST NON-DIRECT S
IXRX,SI,Ranchi,IN EAST NON-DIRECT S
GAUNL,SI,Kohima,IN EAST NON-DIRECT S
BBIBL,SI,Balasore,IN EAST NON-DIRECT S
CCUSK,ST,Kolkata,IN EAST NON-DIRECT S
IXSA,SI,Silchar,IN EAST NON-DIRECT S
PATGY,SI,Gaya,IN EAST NON-DIRECT S
BBICG,SI,Angul,IN EAST NON-DIRECT S
CCUSM,SI,Malda,IN EAST NON-DIRECT S
PATMT,SI,Motihari,IN EAST NON-DIRECT S
IXAA,SI,Agartala,IN EAST NON-DIRECT S
GAUAP,SI,Itanagar,IN EAST NON-DIRECT S
GAUX,SI,Guwahati,IN EAST NON-DIRECT S
GAUIM,SI,Imphal,IN EAST NON-DIRECT S
GAUDM,SI,Dimapur,IN EAST NON-DIRECT S
PATMZ,SI,Muzaffapur,IN EAST NON-DIRECT S
GAUNG,SI,Nagaon,IN EAST NON-DIRECT S
BOMGW,HU,Mumbai,INDIA EXPRESS HUBS
ABMMM,HU,Ambala,INDIA EXPRESS HUBS
DELMY,ST,New Delhi,INDIA EXPRESS HUBS
DELGW,HU,New Delhi,INDIA EXPRESS HUBS
BLRGW,HU,Bangalore,INDIA EXPRESS HUBS
MAAGW,HU,Chennai,INDIA EXPRESS HUBS
AMDSH,ST,Ahmedabad,INDIA EXPRESS HUBS
CCUMT,ST,Kolkata,INDIA EXPRESS HUBS
HAFWK,DT,Guwahati,INDIA EXPRESS HUBS
GAUGW,HU,Guwahati,INDIA EXPRESS HUBS
PNQAD,ST,Pune,INDIA EXPRESS HUBS
HYDMY,ST,Hyderabad,INDIA EXPRESS HUBS
ABMKE,HU,Ambala,INDIA SURFACE HUBS
AMDSJ,ST,Ahmedabad,INDIA SURFACE HUBS
SXVAD,HU,Salem,INDIA SURFACE HUBS
HAOWK,DT,Rourkela,INDIA SURFACE HUBS
BOMKV,HU,Navi Mumbai,INDIA SURFACE HUBS
IDRPH,HU,Indore,INDIA SURFACE HUBS
PNQVG,HU,Pune,INDIA SURFACE HUBS
CCUTD,HU,Kolkata,INDIA SURFACE HUBS
NAGAR,HU,Nagpur,INDIA SURFACE HUBS
JAIGP,HU,Jaipur,INDIA SURFACE HUBS
MAAPM,ST,Chennai,INDIA SURFACE HUBS
AMDVD,HU,Vapi,INDIA SURFACE HUBS
DELAB,HU,Allahabad,INDIA SURFACE HUBS
VGAAD,HU,Vijayawada,INDIA SURFACE HUBS
CCUBG,HU,Baharagora,INDIA SURFACE HUBS
HYDMC,ST,Hyderabad,INDIA SURFACE HUBS
BLRDS,HU,Bangalore,INDIA SURFACE HUBS
BOMKM,HU,Bhiwandi,INDIA SURFACE HUBS
GUXKA,ST,Gurgaon,INDIA SURFACE HUBS
IXCDD,HU,Rajpura,INDIA SURFACE HUBS
MAAKC,ST,Chennai,INDIA WAREHOUSE FACI
IXJAD,ST,Jammu,INDIA WAREHOUSE FACI
GOIAD,ST,Verna,INDIA WAREHOUSE FACI
LKOSR,SI,Lucknow,INDIA WAREHOUSE FACI
BOMVH,ST,Mumbai,INDIA WAREHOUSE FACI
IXRWH,ST,Ranchi,INDIA WAREHOUSE FACI
BOMVL,ST,Bhiwandi,INDIA WAREHOUSE FACI
NAGAT,ST,Nagpur,INDIA WAREHOUSE FACI
BLRAN,ST,Bangalore,INDIA WAREHOUSE FACI
AMDAK,ST,Ahmedabad,INDIA WAREHOUSE FACI
JAINL,ST,Jaipur,INDIA WAREHOUSE FACI
DELOK,ST,New Delhi,INDIA WAREHOUSE FACI
HYDNH,ST,Hyderabad,INDIA WAREHOUSE FACI
DELET,ST,Noida,INDIA WAREHOUSE FACI
PNQDV,ST,Pune,INDIA WAREHOUSE FACI
GOPAD,ST,Ghaziabad,INDIA WAREHOUSE FACI
GUXSP,ST,Gurgaon,INDIA WAREHOUSE FACI
GUXAT,ST,Gurgaon,INDIA WAREHOUSE FACI
MAATK,ST,Chennai,INDIA WAREHOUSE FACI
IXWWH,ST,Jamshedpur,INDIA WAREHOUSE FACI
HDDWK,DT,Mumbai,INDIA WAREHOUSE FACI
CCUTP,ST,Kolkata,INDIA WAREHOUSE FACI
BOMTD,ST,Bhiwandi,INDIA WAREHOUSE FACI
BOMVD,ST,Bhiwandi,INDIA WAREHOUSE FACI
PATWH,ST,Patna,INDIA WAREHOUSE FACI
IXCAD,ST,Chandigarh,INDIA WAREHOUSE FACI
JAIWH,ST,Jaipur,INDIA WAREHOUSE FACI
SLMKD,ST,,INDIA WAREHOUSE FACI
RPRWH,ST,Raipur,INDIA WAREHOUSE FACI
DEDRP,ST,Dehradun,INDIA WAREHOUSE FACI
IDRUJ,SI,Indore,INDIA WAREHOUSE FACI
GAUDP,ST,Gauhati,INDIA WAREHOUSE FACI
COKAT,ST,Cochin,INDIA WAREHOUSE FACI
MUMA,OL,Mumbai,INDIA BUSINESS SVC C
LUHAT,ST,Ludhiana,INDIA BUSINESS SVC C
BOMMD,BS,Mumbai,INDIA BUSINESS SVC C
PNQCM,BS,Pune,INDIA BUSINESS SVC C
HBSWK,DT,Mumbai,INDIA BUSINESS SVC C
BDQB,BS,Vadodara,INDIA BUSINESS SVC C
DELG,BS,Gurgaon,INDIA BUSINESS SVC C
DELMS,ST,Moradabad,INDIA BUSINESS SVC C
BOMD,BS,Mumbai,INDIA BUSINESS SVC C
DELDW,ST,New Delhi,INDIA BUSINESS SVC C
AMDGD,SI,Ahmedabad,INDIA BUSINESS SVC C
DELB,BS,New Delhi,INDIA BUSINESS SVC C
CCUAJ,ST,Kolkata,INDIA BUSINESS SVC C
MAAGD,BS,Chennai,INDIA BUSINESS SVC C
JDHAT,ST,Jodhpur,INDIA BUSINESS SVC C
HYDSB,BS,Hyderabad,INDIA BUSINESS SVC C
BLRBS,SI,Bommasandra,INDIA BUSINESS SVC C
AMDCG,ST,,INDIA BUSINESS SVC C
BOMC,BS,Mumbai,INDIA BUSINESS SVC C
BLRME,OL,Bangalore,INDIA BUSINESS SVC C
BOMHQ,OL,Mumbai,INDIA BUSINESS SVC C
DELRT,RP,New Delhi,INDIA RAMP LOCATIONS
BLRRT,RP,Bangalore,INDIA RAMP LOCATIONS
MAART,RP,Chennai,INDIA RAMP LOCATIONS
DELH,HU,New Delhi,INDIA RAMP LOCATIONS
BOMRT,RP,Mumbai,INDIA RAMP LOCATIONS
BOMH,HU,Mumbai,INDIA RAMP LOCATIONS
HADWK,DT,Mumbai,INDIA RAMP LOCATIONS
RAJJN,SI,Junagadh,INDIA UNUSED LOCATIO
BOMPL,SI,Palghar,INDIA UNUSED LOCATIO
STVBR,SI,Bardoli,INDIA UNUSED LOCATIO
STVHZ,SI,Hazira,INDIA UNUSED LOCATIO
KLHST,SI,Satara,INDIA UNUSED LOCATIO
BHOMN,SI,Mandideep,INDIA UNUSED LOCATIO
MAAMB,SI,Ambur,INDIA UNUSED LOCATIO
MAAPN,ST,Chennai,INDIA UNUSED LOCATIO
BOMTB,SI,Turbhe,INDIA UNUSED LOCATIO
AMDMT,SI,Matoda,INDIA UNUSED LOCATIO
KNUAD,ST,Kanpur,INDIA UNUSED LOCATIO
VNSAD,ST,Varanasi,INDIA UNUSED LOCATIO
MYQAD,ST,Mysore,INDIA UNUSED LOCATIO
GUXDR,SI,Dharuhera,INDIA UNUSED LOCATIO
IXMPU,SI,Pudukkottai,INDIA UNUSED LOCATIO
PNQTK,SI,Takwe,INDIA UNUSED LOCATIO
DEDRD,SI,Rudrapur,INDIA UNUSED LOCATIO
MAAJL,SI,Jalladianpet,INDIA UNUSED LOCATIO
ISKKN,ST,Nasik,INDIA UNUSED LOCATIO
VGAKH,ST,Khammam,INDIA UNUSED LOCATIO
DELBW,SI,Bhiwani,INDIA UNUSED LOCATIO
BDQSV,SI,Savli,INDIA UNUSED LOCATIO
BOMSG,SI,Sangli,INDIA UNUSED LOCATIO
JGAAT,ST,Jamnagar,INDIA UNUSED LOCATIO
NAGBL,SI,Bhilai,INDIA UNUSED LOCATIO
DELHP,ST,New Delhi,INDIA UNUSED LOCATIO
BOMOP,ST,Mumbai,INDIA UNUSED LOCATIO
PNQKP,SI,Khopoli,INDIA UNUSED LOCATIO
PBDX,SI,Porbandar,INDIA UNUSED LOCATIO
GUXBW,SI,Bawal,INDIA UNUSED LOCATIO
GWLAD,ST,Gwalior,INDIA UNUSED LOCATIO
BDQDO,SI,Dholka,INDIA UNUSED LOCATIO
SLMAD,ST,Salem,INDIA UNUSED LOCATIO
AGRAD,ST,Agra,INDIA UNUSED LOCATIO
AMDVA,ST,Vapi,INDIA UNUSED LOCATIO
AMDKD,SI,Kadi,INDIA UNUSED LOCATIO
STVBL,SI,Billimora,INDIA UNUSED LOCATIO
DELPN,SI,Pantnagar,INDIA UNUSED LOCATIO
MAACN,SI,Chengalpattu,INDIA UNUSED LOCATIO
BLRSD,ST,Bangalore,INDIA UNUSED LOCATIO
MAASO,SI,Sholinganallur,INDIA UNUSED LOCATIO
AMDBJ,SI,Bhuj,INDIA UNUSED LOCATIO
ISKJL,SI,Jalgaon,INDIA UNUSED LOCATIO
BDQND,SI,Nadiad,INDIA UNUSED LOCATIO
BOMKD,SI,Kalyan,INDIA UNUSED LOCATIO
AMDMS,SI,Mehsana,INDIA UNUSED LOCATIO
AMDBD,SI,Bardoli,INDIA UNUSED LOCATIO
NAGHN,SI,Hingna,INDIA UNUSED LOCATIO
BOMTL,SI,Talegaon,INDIA UNUSED LOCATIO
PNQRN,SI,Rajguru Nagar,INDIA UNUSED LOCATIO
MAAKM,SI,Kelambakkam,INDIA UNUSED LOCATIO
IXCPN,SI,Panchkula,INDIA UNUSED LOCATIO
HBXAT,ST,Hubli,INDIA UNUSED LOCATIO
AMDOH,SI,Odhav,INDIA UNUSED LOCATIO
MAAMD,SI,Medavakkam,INDIA UNUSED LOCATIO
RAJMA,SI,Vada,INDIA UNUSED LOCATIO
BUPX,SI,Bhatinda,INDIA UNUSED LOCATIO
BOMCE,ST,Mumbai,INDIA UNUSED LOCATIO
BDQJN,SI,Junagadh,INDIA UNUSED LOCATIO
IXCRP,SI,Ropar,INDIA UNUSED LOCATIO
IXMMR,SI,Marthandam,INDIA UNUSED LOCATIO
BOMUH,SI,Ulhasnagar,INDIA UNUSED LOCATIO
NAGCA,ST,Nagpur,INDIA UNUSED LOCATIO
DELKG,ST,New Delhi,INDIA UNUSED LOCATIO
VNSAT,ST,Varanasi,INDIA UNUSED LOCATIO
DELNJ,ST,New Delhi,INDIA UNUSED LOCATIO
AMDKL,SI,Kalol,INDIA UNUSED LOCATIO
BOMTJ,SI,Taloja,INDIA UNUSED LOCATIO
COKCT,SI,Tellicherry,INDIA UNUSED LOCATIO
BLRGL,SI,Gulbarga,INDIA UNUSED LOCATIO
PNQAL,SI,Allandi,INDIA UNUSED LOCATIO
BOMNP,ST,Thane,INDIA UNUSED LOCATIO
MAAAT,ST,Chennai,INDIA UNUSED LOCATIO
MAAVP,ST,Villupuram,INDIA UNUSED LOCATIO
TRPA,ST,Tirupur,INDIA UNUSED LOCATIO
SLMKA,ST,Karur,INDIA UNUSED LOCATIO
PNQPM,ST,Pune,INDIA UNUSED LOCATIO
BOMNM,ST,Navi Mumbai,INDIA UNUSED LOCATIO
DELMD,ST,Modinagar,INDIA UNUSED LOCATIO
SHLA,ST,Sherthalai,INDIA UNUSED LOCATIO
SLMTH,ST,Theni,INDIA UNUSED LOCATIO
COKTL,ST,Tiruvalla,INDIA UNUSED LOCATIO
HYDKN,SI,Kurnool,INDIA UNUSED LOCATIO
ABMMH,ST,Ambala,INDIA UNUSED LOCATIO
MAAAD,ST,Ambattur,INDIA UNUSED LOCATIO
MAAMR,ST,Chennai,INDIA UNUSED LOCATIO
BLRHD,ST,Hosur,INDIA UNUSED LOCATIO
VNSBT,ST,Bhadohi,INDIA UNUSED LOCATIO
DELMR,ST,Moradabad,INDIA UNUSED LOCATIO
MAATS,ST,Chennai,INDIA UNUSED LOCATIO
IXUAT,ST,Aurangabad,INDIA UNUSED LOCATIO
STVAT,ST,Surat,INDIA UNUSED LOCATIO
CCUCM,ST,Kolkata,INDIA UNUSED LOCATIO
VGABM,SI,Bhimavaram,INDIA UNUSED LOCATIO
AMDCH,ST,,INDIA UNUSED LOCATIO
VGAKM,SI,Khammam,INDIA UNUSED LOCATIO
COKAN,SI,Nadakav,INDIA UNUSED LOCATIO
ABMPN,SI,Pontasahib,INDIA UNUSED LOCATIO
MAARN,ST,Ranipet,INDIA UNUSED LOCATIO
BDQRN,SI,Ranoli,INDIA UNUSED LOCATIO
GUXRH,SI,Rohtak,INDIA UNUSED LOCATIO
GUXSN,SI,Sonepat,INDIA UNUSED LOCATIO
BOMBL,SI,Badlapur,INDIA UNUSED LOCATIO
BLRHK,SI,Hoskote,INDIA UNUSED LOCATIO
BLRHP,SI,Hospet,INDIA UNUSED LOCATIO
IXZX,SI,Portblair,INDIA UNUSED LOCATIO
KKDX,SI,Kakinada,INDIA UNUSED LOCATIO
TIRX,SI,Tirupati,INDIA UNUSED LOCATIO
HBXDX,SI,Dharwad,INDIA UNUSED LOCATIO
BLRD,OL,Bangalore,INDIA UNUSED LOCATIO
BOMKL,SI,Kalamboli,INDIA UNUSED LOCATIO
RAJMB,SI,Morbi,INDIA UNUSED LOCATIO
HULWK,DT,Mumbai,INDIA UNUSED LOCATIO
AMDMH,SI,Mahuva,INDIA UNUSED LOCATIO
AMDKS,SI,Kosamba,INDIA UNUSED LOCATIO
RAJAT,ST,Rajkot,INDIA UNUSED LOCATIO
RAJSU,SI,Surendra Nagar,INDIA UNUSED LOCATIO
DELSA,ST,Shahjahanpur,INDIA UNUSED LOCATIO
CCUJP,ST,Siliguri,INDIA UNUSED LOCATIO
DELA,ST,New Delhi,INDIA UNUSED LOCATIO
MAAB,BS,Chennai,INDIA UNUSED LOCATIO
MYQAT,ST,Mysore,INDIA UNUSED LOCATIO
RAJVE,SI,Veeraval,INDIA UNUSED LOCATIO
NDCGR,SI,Noida,INDIA UNUSED LOCATIO
BDQPR,SI,Por,INDIA UNUSED LOCATIO
AMDPN,SI,Panoli,INDIA UNUSED LOCATIO
NAGKL,SI,Kalmehswar,INDIA UNUSED LOCATIO
DEDAT,ST,Dehradun,INDIA UNUSED LOCATIO
ISKAV,ST,Nasik,INDIA UNUSED LOCATIO
GOPMN,SI,Mohannagar,INDIA UNUSED LOCATIO
CJBPO,SI,Pollachi,INDIA UNUSED LOCATIO
HYDSM,ST,Hyderabad,INDIA UNUSED LOCATIO
BLRSG,ST,Bangalore,INDIA UNUSED LOCATIO
MZAA,ST,Muzaffarnagar,INDIA UNUSED LOCATIO
PNQCK,SI,Chakan,INDIA UNUSED LOCATIO
MAATB,SI,Thirubhuvanai,INDIA UNUSED LOCATIO
AMDBL,SI,Billimora,INDIA UNUSED LOCATIO
AMDSR,SI,Sarkhej-Bawla,INDIA UNUSED LOCATIO
ISKRJ,SI,Rajguru Nagar,INDIA UNUSED LOCATIO
IXVVA,SI,Valsad,INDIA UNUSED LOCATIO
AMDNL,SI,Narol,INDIA UNUSED LOCATIO
AMDSN,SI,Santej-Khatrej,INDIA UNUSED LOCATIO
IXCPK,ST,Panchkula,INDIA UNUSED LOCATIO
AMDNR,SI,Naroda,INDIA UNUSED LOCATIO
BDQWG,SI,Waghodia,INDIA UNUSED LOCATIO
BOMMR,ST,Mumbai,INDIA UNUSED LOCATIO
IXZA,SI,Portblair,INDIA UNUSED LOCATIO
HBXDA,ST,Dharwad,INDIA UNUSED LOCATIO
SLVA,ST,Shimla,INDIA UNUSED LOCATIO
AMDMR,SI,Moraiya,INDIA UNUSED LOCATIO
RPRBS,ST,Bilaspur,INDIA UNUSED LOCATIO
MAAVD,SI,Vada,INDIA UNUSED LOCATIO
DAEBG,ST,Ballabhgarh,INDIA UNUSED LOCATIO
AMDBT,SI,Bhatt,INDIA UNUSED LOCATIO
SXRX,SI,Srinagar,INDIA UNUSED LOCATIO
AMDPT,SI,Patan,INDIA UNUSED LOCATIO
SLMA,ST,Salem,INDIA UNUSED LOCATIO
RPRBD,ST,Bhilai,INDIA UNUSED LOCATIO
DEDPN,SI,Pantnagar,INDIA UNUSED LOCATIO
STVSC,SI,Sachin,INDIA UNUSED LOCATIO
AMDSV,ST,Silvassa,INDIA UNUSED LOCATIO
GUXRW,SI,Rewari,INDIA UNUSED LOCATIO
AMDGN,ST,Gandhinagar,INDIA UNUSED LOCATIO
BOMKO,SI,Khopoli,INDIA UNUSED LOCATIO
AMDVT,SI,Vatva,INDIA UNUSED LOCATIO
SLMCN,ST,Kannur,INDIA UNUSED LOCATIO
BOMAB,SI,Ambarnath,INDIA UNUSED LOCATIO
IXVUM,SI,Umargaon,INDIA UNUSED LOCATIO
GUXMN,ST,Manesar,INDIA UNUSED LOCATIO
IXGAD,ST,Belgaum,INDIA UNUSED LOCATIO
IXMRN,SI,Kumarasamy Raja Nagar,INDIA UNUSED LOCATIO
DELKS,SI,Saharanpur,INDIA UNUSED LOCATIO
GAUDS,SI,Dispur,INDIA UNUSED LOCATIO
GOPSB,ST,Sahibadad,INDIA UNUSED LOCATIO
IXCDR,SI,De Rabassi,INDIA UNUSED LOCATIO
BDQHL,SI,Halol,INDIA UNUSED LOCATIO
STVNV,SI,Navsari,INDIA UNUSED LOCATIO
DELHL,SI,Haldwani,INDIA UNUSED LOCATIO
BOMMB,SI,Morbi,INDIA UNUSED LOCATIO
PNQRJ,SI,Ranjangaon,INDIA UNUSED LOCATIO
IXVA,ST,Vapi,INDIA UNUSED LOCATIO
SLMCO,ST,Coonoor,INDIA UNUSED LOCATIO
INDVK,RG,Indianapolis,
INDSC,SC,Indianapolis,INDY HUB DISTRICT
INDWK,DT,Indianapolis,INDY HUB DISTRICT
INDRT,RP,Indianapolis,INDY HUB DISTRICT
INDOO,SC,Indianapolis,INDY HUB DISTRICT
